,0,1,2,3
0,3,23,0.12144096195697784,0.6461184024810791
1,3,24,0.1090717688202858,0.6471763253211975
2,3,25,0.13737192749977112,0.719099223613739
3,3,26,0.078094981610775,0.7341230511665344
4,3,27,0.1494838297367096,0.8035794496536255
5,3,28,0.043097175657749176,0.8154475688934326
6,4,23,0.12283501029014587,0.646129846572876
7,4,24,0.10706647485494614,0.6469236016273499
8,4,25,0.14193283021450043,0.7131466269493103
9,4,26,0.08210495114326477,0.7342556715011597
10,4,27,0.15019020438194275,0.8028271794319153
11,4,28,0.04494199901819229,0.8095276355743408
12,5,23,0.12846016883850098,0.6461893916130066
13,5,24,0.10939747840166092,0.6469119787216187
14,5,25,0.14637868106365204,0.7122238278388977
15,5,26,0.09550652652978897,0.7343197464942932
16,5,27,0.1516498178243637,0.8025913834571838
17,5,28,0.052516303956508636,0.8036944270133972
18,6,23,0.13359956443309784,0.643982470035553
19,6,24,0.11364641785621643,0.6437544226646423
20,6,25,0.1495792120695114,0.7115421295166016
21,6,26,0.10454129427671432,0.7342018485069275
22,6,27,0.15252704918384552,0.8026944994926453
23,6,28,0.06335624307394028,0.7958892583847046
24,7,23,0.13881248235702515,0.640640914440155
25,7,24,0.11903884261846542,0.6400161981582642
26,7,25,0.15439513325691223,0.7115188241004944
27,7,26,0.11474131047725677,0.7330424189567566
28,7,27,0.15328428149223328,0.8027018308639526
29,7,28,0.07500868290662766,0.7912991642951965
30,8,23,0.14493797719478607,0.6390771865844727
31,8,24,0.12511274218559265,0.6376476883888245
32,8,25,0.15844105184078217,0.7113329172134399
33,8,26,0.12437808513641357,0.7288067936897278
34,8,27,0.15319138765335083,0.8022618293762207
35,8,28,0.08721521496772766,0.7893085479736328
36,9,23,0.15105818212032318,0.637091875076294
37,9,24,0.1316450983285904,0.635199785232544
38,9,25,0.15983648598194122,0.7112666964530945
39,9,26,0.13671647012233734,0.7209445238113403
40,9,27,0.15307877957820892,0.8022053837776184
41,9,28,0.1002994254231453,0.7884189486503601
42,10,23,0.1578657329082489,0.6367009878158569
43,10,24,0.13861577212810516,0.6347671151161194
44,10,25,0.1634840965270996,0.7117259502410889
45,10,26,0.14495417475700378,0.7198343276977539
46,10,27,0.15227219462394714,0.8021884560585022
47,10,28,0.1138162612915039,0.7918108701705933
48,11,23,0.16269175708293915,0.6354681849479675
49,11,24,0.14267882704734802,0.633169949054718
50,11,25,0.16937674582004547,0.7101733088493347
51,11,26,0.15025921165943146,0.7161394953727722
52,11,27,0.15330763161182404,0.8015801906585693
53,11,28,0.12923564016819,0.7978103756904602
54,12,23,0.16617350280284882,0.6348636746406555
55,12,24,0.1483750343322754,0.6333776116371155
56,12,25,0.17142055928707123,0.7103701829910278
57,12,26,0.1591300219297409,0.7157498598098755
58,12,27,0.15306459367275238,0.8008262515068054
59,12,28,0.1488414704799652,0.8041296005249023
60,13,23,0.17146457731723785,0.6335088014602661
61,13,24,0.15346232056617737,0.6314103007316589
62,13,25,0.17592157423496246,0.7105643153190613
63,13,26,0.16556358337402344,0.7077659368515015
64,13,27,0.15604522824287415,0.8038575649261475
65,13,28,0.15833218395709991,0.8045249581336975
66,14,23,0.1777818500995636,0.632915735244751
67,14,24,0.16049976646900177,0.6321654915809631
68,14,25,0.17565755546092987,0.7112887501716614
69,14,26,0.16834960877895355,0.7118150591850281
70,14,27,0.16631092131137848,0.8039873838424683
71,14,28,0.16910259425640106,0.8076901435852051
72,15,23,0.1783599853515625,0.6330768465995789
73,15,24,0.16751429438591003,0.6321629285812378
74,15,25,0.17322668433189392,0.7113433480262756
75,15,26,0.18128420412540436,0.7132595777511597
76,15,27,0.16237713396549225,0.804108202457428
77,15,28,0.19460910558700562,0.816400945186615
78,16,23,0.18302157521247864,0.6334676742553711
79,16,24,0.1740105152130127,0.632527768611908
80,16,25,0.17267845571041107,0.7113702893257141
81,16,26,0.19111882150173187,0.7143320441246033
82,16,27,0.1605675220489502,0.8043276071548462
83,16,28,0.20977754890918732,0.8181770443916321
84,17,23,0.18853603303432465,0.6363118290901184
85,17,24,0.18022878468036652,0.6358228921890259
86,17,25,0.17631252110004425,0.7130098342895508
87,17,26,0.1987273097038269,0.7159178853034973
88,17,27,0.15976761281490326,0.8042932152748108
89,17,28,0.22042012214660645,0.815991222858429
90,18,23,0.19356271624565125,0.6399919986724854
91,18,24,0.18759460747241974,0.6397861838340759
92,18,25,0.1792145073413849,0.7186158895492554
93,18,26,0.20594866573810577,0.7225281000137329
94,18,27,0.15913361310958862,0.8047741651535034
95,18,28,0.2257307469844818,0.8169708251953125
96,19,23,0.20520396530628204,0.6421787738800049
97,19,24,0.19764253497123718,0.6428169012069702
98,19,25,0.1900210976600647,0.7226052284240723
99,19,26,0.21366313099861145,0.7239660024642944
100,19,27,0.16059525310993195,0.8026565313339233
101,19,28,0.2325320690870285,0.8204983472824097
102,20,23,0.21470335125923157,0.6427949666976929
103,20,24,0.20250773429870605,0.644023597240448
104,20,25,0.19835107028484344,0.725761890411377
105,20,26,0.2186250239610672,0.72547847032547
106,20,27,0.16479085385799408,0.8006481528282166
107,20,28,0.23560519516468048,0.8266484141349792
108,21,23,0.22079525887966156,0.6425133347511292
109,21,24,0.2078177034854889,0.6436152458190918
110,21,25,0.2086758017539978,0.7264338731765747
111,21,26,0.22361749410629272,0.7252606749534607
112,21,27,0.17027698457241058,0.7932299375534058
113,21,28,0.23626017570495605,0.8277501463890076
114,22,23,0.22971861064434052,0.6424866914749146
115,22,24,0.2167234867811203,0.6431686282157898
116,22,25,0.22498270869255066,0.725821852684021
117,22,26,0.22706741094589233,0.7256546020507812
118,22,27,0.1794591099023819,0.7840112447738647
119,22,28,0.2368418127298355,0.8276628851890564
120,23,23,0.236161008477211,0.6423065662384033
121,23,24,0.22178970277309418,0.6429023742675781
122,23,25,0.2314314991235733,0.7257081270217896
123,23,26,0.23012575507164001,0.7255272269248962
124,23,27,0.19020193815231323,0.7825101017951965
125,23,28,0.2357693314552307,0.8285549879074097
126,24,23,0.2431953400373459,0.6420970559120178
127,24,24,0.226116344332695,0.6429789662361145
128,24,25,0.24211829900741577,0.7250437140464783
129,24,26,0.23311693966388702,0.7269795536994934
130,24,27,0.20234622061252594,0.7834123969078064
131,24,28,0.23450098931789398,0.8272896409034729
132,25,23,0.24531979858875275,0.6412100195884705
133,25,24,0.23093459010124207,0.642776608467102
134,25,25,0.24902811646461487,0.722155749797821
135,25,26,0.23630164563655853,0.7290216088294983
136,25,27,0.21263153851032257,0.785800576210022
137,25,28,0.23457199335098267,0.8265312314033508
138,26,23,0.2460499107837677,0.6411410570144653
139,26,24,0.23860010504722595,0.6426666975021362
140,26,25,0.25300464034080505,0.7221074104309082
141,26,26,0.23984478414058685,0.729375958442688
142,26,27,0.2282707244157791,0.7974035739898682
143,26,28,0.23259136080741882,0.8219336867332458
144,27,23,0.2574469745159149,0.6390949487686157
145,27,24,0.24050360918045044,0.6400187611579895
146,27,25,0.26564526557922363,0.7186909914016724
147,27,26,0.24146433174610138,0.7291445136070251
148,27,27,0.24756963551044464,0.7987824082374573
149,27,28,0.23678307235240936,0.8219273686408997
150,28,23,0.2625961899757385,0.6387359499931335
151,28,24,0.24596641957759857,0.6399714350700378
152,28,25,0.2745744287967682,0.7140246033668518
153,28,26,0.24366334080696106,0.7279730439186096
154,28,27,0.258564829826355,0.7985098361968994
155,28,28,0.2383606880903244,0.8212957382202148
156,29,23,0.26359161734580994,0.6382293105125427
157,29,24,0.2501358687877655,0.6386244297027588
158,29,25,0.27832576632499695,0.711524248123169
159,29,26,0.2503255605697632,0.7240660786628723
160,29,27,0.2723492681980133,0.8027671575546265
161,29,28,0.24296782910823822,0.8205509185791016
162,30,23,0.26927700638771057,0.6377776861190796
163,30,24,0.25760987401008606,0.6380956172943115
164,30,25,0.28526628017425537,0.7113120555877686
165,30,26,0.2518307864665985,0.7238848209381104
166,30,27,0.2926839292049408,0.8031774759292603
167,30,28,0.23944024741649628,0.8213005661964417
168,31,23,0.2770928740501404,0.6397204399108887
169,31,24,0.2633642852306366,0.6393039226531982
170,31,25,0.2936524748802185,0.7120532989501953
171,31,26,0.2519053816795349,0.7268524169921875
172,31,27,0.3076664209365845,0.8045192956924438
173,31,28,0.23863907158374786,0.8227241039276123
174,32,23,0.28245818614959717,0.6398155689239502
175,32,24,0.2701420187950134,0.6394175887107849
176,32,25,0.30001211166381836,0.7125773429870605
177,32,26,0.2567165195941925,0.7279494404792786
178,32,27,0.3214195966720581,0.8043567538261414
179,32,28,0.2390146702528,0.8233577013015747
180,33,23,0.2834252417087555,0.6435990333557129
181,33,24,0.2808755040168762,0.6438297033309937
182,33,25,0.2821251153945923,0.7291966676712036
183,33,26,0.30710262060165405,0.725833535194397
184,33,27,0.2545342445373535,0.8208109140396118
185,33,28,0.3296818435192108,0.8142667412757874
186,34,23,0.2947307825088501,0.6464579105377197
187,34,24,0.2859817147254944,0.6454651951789856
188,34,25,0.3146505057811737,0.7263621091842651
189,34,26,0.2747630774974823,0.7280033826828003
190,34,27,0.3361692726612091,0.8152000308036804
191,34,28,0.2648853361606598,0.8174712657928467
192,35,23,0.3029283285140991,0.6496534943580627
193,35,24,0.28980836272239685,0.6489482522010803
194,35,25,0.32494720816612244,0.7248442769050598
195,35,26,0.2750544250011444,0.7328017354011536
196,35,27,0.3425222337245941,0.8137351274490356
197,35,28,0.24977637827396393,0.8187968730926514
198,36,23,0.3132224380970001,0.6497438549995422
199,36,24,0.29766568541526794,0.6491391062736511
200,36,25,0.3315708339214325,0.7239788174629211
201,36,26,0.2832518219947815,0.7336154580116272
202,36,27,0.34615325927734375,0.8134531378746033
203,36,28,0.2496289312839508,0.817950963973999
204,37,23,0.31972312927246094,0.6488633155822754
205,37,24,0.3039143979549408,0.6486215591430664
206,37,25,0.3376635015010834,0.7236833572387695
207,37,26,0.2960297465324402,0.7352165579795837
208,37,27,0.34726351499557495,0.8139708638191223
209,37,28,0.2527553141117096,0.8131682872772217
210,38,23,0.32616880536079407,0.64830082654953
211,38,24,0.311887264251709,0.6483878493309021
212,38,25,0.3426395654678345,0.7235771417617798
213,38,26,0.30952537059783936,0.735770046710968
214,38,27,0.34855353832244873,0.8140618801116943
215,38,28,0.26182833313941956,0.8076350092887878
216,39,23,0.3353007435798645,0.6474296450614929
217,39,24,0.3223424255847931,0.6469659209251404
218,39,25,0.34638118743896484,0.7231780290603638
219,39,26,0.32089871168136597,0.7351973056793213
220,39,27,0.34785348176956177,0.814741313457489
221,39,28,0.27414971590042114,0.8028368949890137
222,40,23,0.3404809832572937,0.6450952291488647
223,40,24,0.32832708954811096,0.6451574563980103
224,40,25,0.3515348434448242,0.7226948142051697
225,40,26,0.3336932957172394,0.7334499955177307
226,40,27,0.34818512201309204,0.8155853152275085
227,40,28,0.2866573631763458,0.7973160743713379
228,41,23,0.3465425670146942,0.644469678401947
229,41,24,0.33639124035835266,0.6445277333259583
230,41,25,0.35211798548698425,0.7227770686149597
231,41,26,0.3414565920829773,0.7319285869598389
232,41,27,0.34656059741973877,0.8185226321220398
233,41,28,0.3023374378681183,0.7996974587440491
234,42,23,0.3465505540370941,0.6432393789291382
235,42,24,0.3394196331501007,0.6435997486114502
236,42,25,0.35186851024627686,0.722723126411438
237,42,26,0.3471889793872833,0.7309238314628601
238,42,27,0.34741446375846863,0.817716658115387
239,42,28,0.3095747232437134,0.801459789276123
240,43,23,0.3551829755306244,0.6393234133720398
241,43,24,0.3409973680973053,0.6396182775497437
242,43,25,0.3607487082481384,0.720090389251709
243,43,26,0.3534381687641144,0.7276240587234497
244,43,27,0.34741273522377014,0.8160145282745361
245,43,28,0.32542046904563904,0.8037432432174683
246,44,23,0.3627142012119293,0.6393438577651978
247,44,24,0.34942448139190674,0.63923180103302
248,44,25,0.37035515904426575,0.7197076678276062
249,44,26,0.3575681149959564,0.7260046005249023
250,44,27,0.348667174577713,0.8107404708862305
251,44,28,0.34286609292030334,0.812072217464447
252,45,23,0.35930049419403076,0.6382904052734375
253,45,24,0.3585129380226135,0.6380685567855835
254,45,25,0.36065438389778137,0.7194937467575073
255,45,26,0.37572330236434937,0.7209078073501587
256,45,27,0.3508545458316803,0.8107112050056458
257,45,28,0.36042577028274536,0.8164191842079163
258,46,23,0.3616359531879425,0.6385669708251953
259,46,24,0.36853456497192383,0.6384308934211731
260,46,25,0.35886818170547485,0.7214723825454712
261,46,26,0.38310274481773376,0.7211672067642212
262,46,27,0.34971460700035095,0.8108062148094177
263,46,28,0.3761090636253357,0.8216767311096191
264,47,23,0.36929523944854736,0.6390016078948975
265,47,24,0.372644305229187,0.6386684775352478
266,47,25,0.36412933468818665,0.725235641002655
267,47,26,0.3870253562927246,0.721695601940155
268,47,27,0.34963539242744446,0.812788724899292
269,47,28,0.39476677775382996,0.8307085633277893
270,48,23,0.37924379110336304,0.6394674777984619
271,48,24,0.3770211338996887,0.6393501162528992
272,48,25,0.3692632019519806,0.7263564467430115
273,48,26,0.39302656054496765,0.7243029475212097
274,48,27,0.351281076669693,0.8138400316238403
275,48,28,0.4115262031555176,0.8316216468811035
276,49,23,0.38486990332603455,0.6445329785346985
277,49,24,0.3834129571914673,0.64394611120224
278,49,25,0.3715311884880066,0.7291616797447205
279,49,26,0.39990758895874023,0.7292706370353699
280,49,27,0.3525605797767639,0.8143643736839294
281,49,28,0.4250990152359009,0.832891583442688
282,50,23,0.39192575216293335,0.6478222608566284
283,50,24,0.389999121427536,0.6483680605888367
284,50,25,0.3756808340549469,0.7318015694618225
285,50,26,0.40908995270729065,0.732427716255188
286,50,27,0.3542242646217346,0.8146594166755676
287,50,28,0.432015061378479,0.8325180411338806
288,51,23,0.39880308508872986,0.6488882303237915
289,51,24,0.396423876285553,0.6497322916984558
290,51,25,0.3832411468029022,0.7338505983352661
291,51,26,0.4148692190647125,0.7360730767250061
292,51,27,0.35684484243392944,0.8136358261108398
293,51,28,0.4353529214859009,0.8346092104911804
294,52,23,0.407536119222641,0.6501342058181763
295,52,24,0.4045022130012512,0.6502007246017456
296,52,25,0.39149194955825806,0.7353700995445251
297,52,26,0.4211631119251251,0.7365670204162598
298,52,27,0.3604617714881897,0.810409426689148
299,52,28,0.43716415762901306,0.8365373611450195
300,53,23,0.4201531410217285,0.6505625247955322
301,53,24,0.4116557836532593,0.6514003276824951
302,53,25,0.4039640724658966,0.7360373139381409
303,53,26,0.42579329013824463,0.7368155717849731
304,53,27,0.36698251962661743,0.8013792634010315
305,53,28,0.4393194913864136,0.8386545181274414
306,54,23,0.4278828203678131,0.6494638919830322
307,54,24,0.4175398647785187,0.6499878168106079
308,54,25,0.4239127039909363,0.7351617813110352
309,54,26,0.4287397265434265,0.734321117401123
310,54,27,0.37742558121681213,0.7942320108413696
311,54,28,0.4402330815792084,0.8403205871582031
312,55,23,0.4306349456310272,0.6493388414382935
313,55,24,0.4213080406188965,0.6495566964149475
314,55,25,0.43525105714797974,0.7345548272132874
315,55,26,0.43273302912712097,0.7342367768287659
316,55,27,0.3907325565814972,0.7867676019668579
317,55,28,0.43952569365501404,0.8391954898834229
318,56,23,0.43229418992996216,0.6480372548103333
319,56,24,0.42570313811302185,0.6481750011444092
320,56,25,0.44185301661491394,0.7327806353569031
321,56,26,0.4369460344314575,0.7340447902679443
322,56,27,0.40831711888313293,0.7918824553489685
323,56,28,0.4298330843448639,0.8330219388008118
324,57,23,0.43933868408203125,0.645562469959259
325,57,24,0.43123525381088257,0.6468106508255005
326,57,25,0.44835779070854187,0.7271390557289124
327,57,26,0.4423922002315521,0.7341694831848145
328,57,27,0.41471725702285767,0.7941040396690369
329,57,28,0.4377932548522949,0.8329585790634155
330,58,23,0.44311296939849854,0.6442394852638245
331,58,24,0.4399729073047638,0.6462683081626892
332,58,25,0.45301201939582825,0.7266126275062561
333,58,26,0.44415566325187683,0.7344580292701721
334,58,27,0.4293002188205719,0.8000330328941345
335,58,28,0.4360843002796173,0.8311520218849182
336,59,23,0.45352330803871155,0.6434933543205261
337,59,24,0.44388771057128906,0.6445531249046326
338,59,25,0.4631575345993042,0.7259615063667297
339,59,26,0.4465979337692261,0.7344178557395935
340,59,27,0.44893965125083923,0.806537389755249
341,59,28,0.4397199749946594,0.8314844965934753
342,60,23,0.4591793119907379,0.6435425281524658
343,60,24,0.4516433775424957,0.6445446610450745
344,60,25,0.47388723492622375,0.7235491871833801
345,60,26,0.45017531514167786,0.7344507575035095
346,60,27,0.4614669978618622,0.8098316192626953
347,60,28,0.4443866014480591,0.8322767615318298
348,61,23,0.4588213562965393,0.6435636281967163
349,61,24,0.4620325267314911,0.6445395946502686
350,61,25,0.4556751251220703,0.7317559719085693
351,61,26,0.4802284240722656,0.7243611216545105
352,61,27,0.44482141733169556,0.8316959142684937
353,61,28,0.4783181846141815,0.8189085721969604
354,62,23,0.4637945592403412,0.6435401439666748
355,62,24,0.466554194688797,0.6439087390899658
356,62,25,0.4556598961353302,0.735192060470581
357,62,26,0.48937612771987915,0.7204596400260925
358,62,27,0.4422664940357208,0.8363674283027649
359,62,28,0.4981382191181183,0.8134320974349976
360,63,23,0.472044974565506,0.6441636681556702
361,63,24,0.4723559319972992,0.6453076004981995
362,63,25,0.4638890027999878,0.7359693050384521
363,63,26,0.48986804485321045,0.7216063141822815
364,63,27,0.44428569078445435,0.8369389176368713
365,63,28,0.5111641883850098,0.8144599795341492
366,64,23,0.47390443086624146,0.6469965577125549
367,64,24,0.48158735036849976,0.6468047499656677
368,64,25,0.46191707253456116,0.7371443510055542
369,64,26,0.5016070008277893,0.7231404781341553
370,64,27,0.44541501998901367,0.8365107774734497
371,64,28,0.5261027812957764,0.8135477304458618
372,65,23,0.48842012882232666,0.6509730815887451
373,65,24,0.4835708737373352,0.6505076289176941
374,65,25,0.49570420384407043,0.7366360425949097
375,65,26,0.48240116238594055,0.7330403923988342
376,65,27,0.4975447952747345,0.8320728540420532
377,65,28,0.4911505877971649,0.8361594080924988
378,66,23,0.49100324511528015,0.6532424688339233
379,66,24,0.4923171103000641,0.65323406457901
380,66,25,0.4779057502746582,0.7404810786247253
381,66,26,0.5150225162506104,0.7329819798469543
382,66,27,0.46275413036346436,0.8339337706565857
383,66,28,0.5393788814544678,0.8316224813461304
384,67,23,0.498563289642334,0.6562458276748657
385,67,24,0.5042399168014526,0.6553583741188049
386,67,25,0.4817582368850708,0.7429578900337219
387,67,26,0.5255191922187805,0.7335343956947327
388,67,27,0.453675776720047,0.831609308719635
389,67,28,0.5447185039520264,0.8304191827774048
390,68,23,0.5120165348052979,0.6574908494949341
391,68,24,0.5052268505096436,0.6572750806808472
392,68,25,0.5288107395172119,0.7391724586486816
393,68,26,0.5006383061408997,0.7442055344581604
394,68,27,0.5444517135620117,0.8300690054893494
395,68,28,0.4585682451725006,0.8296405076980591
396,69,23,0.5141292810440063,0.6563172340393066
397,69,24,0.5122457146644592,0.6561305522918701
398,69,25,0.5349575281143188,0.7338725924491882
399,69,26,0.5071541666984558,0.7446667551994324
400,69,27,0.5493527054786682,0.828942060470581
401,69,28,0.459507554769516,0.8239942789077759
402,70,23,0.5266904234886169,0.6557778716087341
403,70,24,0.5201283693313599,0.6558123230934143
404,70,25,0.5438840985298157,0.732100248336792
405,70,26,0.5188321471214294,0.7451754808425903
406,70,27,0.551133930683136,0.8284623026847839
407,70,28,0.4679661691188812,0.8174855709075928
408,71,23,0.5337346196174622,0.6548312306404114
409,71,24,0.5284908413887024,0.6556467413902283
410,71,25,0.5493841767311096,0.7319657206535339
411,71,26,0.5327781438827515,0.7435370683670044
412,71,27,0.5510851740837097,0.8279812335968018
413,71,28,0.4755716025829315,0.8109037280082703
414,72,23,0.5429224371910095,0.6539799571037292
415,72,24,0.5331998467445374,0.6552249193191528
416,72,25,0.5517122149467468,0.7326027154922485
417,72,26,0.5427913069725037,0.742533802986145
418,72,27,0.5502772927284241,0.8280313611030579
419,72,28,0.49246159195899963,0.8036708235740662
420,73,23,0.5455881357192993,0.6509088277816772
421,73,24,0.537638247013092,0.6527671813964844
422,73,25,0.5575725436210632,0.7313300371170044
423,73,26,0.5503378510475159,0.7424030303955078
424,73,27,0.550736665725708,0.8279432654380798
425,73,28,0.5074175000190735,0.806063175201416
426,74,23,0.5532341003417969,0.647261917591095
427,74,24,0.5423058867454529,0.6490605473518372
428,74,25,0.5662956833839417,0.7290612459182739
429,74,26,0.5564621090888977,0.7414903044700623
430,74,27,0.5493486523628235,0.8245818018913269
431,74,28,0.5227382779121399,0.8078389763832092
432,75,23,0.5515842437744141,0.6465941667556763
433,75,24,0.5546953082084656,0.648719847202301
434,75,25,0.5661218166351318,0.7282689213752747
435,75,26,0.5698443055152893,0.737609326839447
436,75,27,0.5500813722610474,0.8176375031471252
437,75,28,0.5423533916473389,0.8149069547653198
438,76,23,0.5528724789619446,0.6456277370452881
439,76,24,0.5641021728515625,0.6474782824516296
440,76,25,0.5604680776596069,0.7276675701141357
441,76,26,0.5826351642608643,0.7329995036125183
442,76,27,0.5519982576370239,0.8185398578643799
443,76,28,0.5584854483604431,0.8237340450286865
444,77,23,0.557881236076355,0.6458227038383484
445,77,24,0.5692664980888367,0.6475906372070312
446,77,25,0.5607066750526428,0.7282974123954773
447,77,26,0.5909103155136108,0.7273284196853638
448,77,27,0.5536068081855774,0.8188692927360535
449,77,28,0.5747182965278625,0.8255763649940491
450,78,23,0.5616015195846558,0.6454418897628784
451,78,24,0.5750340819358826,0.6468123197555542
452,78,25,0.5627762675285339,0.7285235524177551
453,78,26,0.5943107604980469,0.7268446087837219
454,78,27,0.5556475520133972,0.8198993802070618
455,78,28,0.5930913090705872,0.8325592875480652
456,79,23,0.5708893537521362,0.6455222368240356
457,79,24,0.5791155695915222,0.6469208598136902
458,79,25,0.5647520422935486,0.7305965423583984
459,79,26,0.6003376841545105,0.7279472351074219
460,79,27,0.5546838045120239,0.820441722869873
461,79,28,0.611262321472168,0.8368038535118103
462,80,23,0.57560795545578,0.6491418480873108
463,80,24,0.5858970880508423,0.6488600969314575
464,80,25,0.5691843628883362,0.7329970598220825
465,80,26,0.6073091626167297,0.7309738397598267
466,80,27,0.5540722608566284,0.8241245746612549
467,80,28,0.6277503371238708,0.8411015272140503
468,81,23,0.5781573057174683,0.651846170425415
469,81,24,0.5924370884895325,0.6532713174819946
470,81,25,0.57052081823349,0.7360901236534119
471,81,26,0.6130516529083252,0.7393123507499695
472,81,27,0.5545592904090881,0.8251632452011108
473,81,28,0.6406930685043335,0.8392220139503479
474,82,23,0.5855162143707275,0.653301477432251
475,82,24,0.5995166897773743,0.6552098989486694
476,82,25,0.5758386254310608,0.737052321434021
477,82,26,0.620128870010376,0.7443585991859436
478,82,27,0.5557051301002502,0.8251429200172424
479,82,28,0.6473177671432495,0.8391357660293579
480,83,23,0.5917285680770874,0.6532068252563477
481,83,24,0.6080617904663086,0.6556328535079956
482,83,25,0.5824331045150757,0.7368813753128052
483,83,26,0.6290678381919861,0.7451506853103638
484,83,27,0.5577386617660522,0.8227230906486511
485,83,28,0.6511637568473816,0.8423776626586914
486,84,23,0.5997549891471863,0.6554516553878784
487,84,24,0.6156352758407593,0.6581847667694092
488,84,25,0.5897094011306763,0.7375900745391846
489,84,26,0.6367594003677368,0.7458602786064148
490,84,27,0.5605255961418152,0.8197091221809387
491,84,28,0.6550435423851013,0.8434326648712158
492,85,23,0.6066045165061951,0.6572896242141724
493,85,24,0.6232589483261108,0.6603278517723083
494,85,25,0.5997034907341003,0.7376002669334412
495,85,26,0.6453611850738525,0.7456663250923157
496,85,27,0.5651950836181641,0.8142994046211243
497,85,28,0.6575925350189209,0.8468722105026245
498,86,23,0.6146353483200073,0.6566315293312073
499,86,24,0.6316115856170654,0.6593723893165588
500,86,25,0.6093360781669617,0.7374090552330017
501,86,26,0.6520429849624634,0.7452419400215149
502,86,27,0.5734957456588745,0.8083261847496033
503,86,28,0.6583500504493713,0.8455789089202881
504,87,23,0.6232737898826599,0.6563175916671753
505,87,24,0.6388018131256104,0.6591755151748657
506,87,25,0.6290534138679504,0.7380172610282898
507,87,26,0.6529688239097595,0.7449588179588318
508,87,27,0.5871143937110901,0.8006083965301514
509,87,28,0.6580476760864258,0.8447982668876648
510,88,23,0.6292974948883057,0.6552101373672485
511,88,24,0.6441904306411743,0.6573156714439392
512,88,25,0.6404953598976135,0.7376438975334167
513,88,26,0.6556867957115173,0.7442514896392822
514,88,27,0.5985972881317139,0.7947767972946167
515,88,28,0.6594101786613464,0.8450437188148499
516,89,23,0.6351987719535828,0.6530910730361938
517,89,24,0.6500842571258545,0.6548172831535339
518,89,25,0.6489318013191223,0.737531840801239
519,89,26,0.6604366302490234,0.7441690564155579
520,89,27,0.6101043224334717,0.796414852142334
521,89,28,0.6589133739471436,0.8449074625968933
522,90,23,0.6412133574485779,0.6525517106056213
523,90,24,0.6570675373077393,0.6527439951896667
524,90,25,0.6546086668968201,0.7356444001197815
525,90,26,0.6637384295463562,0.7432332634925842
526,90,27,0.6316575407981873,0.8002608418464661
527,90,28,0.6550173163414001,0.8458361029624939
528,91,23,0.6476444602012634,0.6498022079467773
529,91,24,0.6657811999320984,0.6484700441360474
530,91,25,0.6625515818595886,0.7316040992736816
531,91,26,0.6679613590240479,0.7417757511138916
532,91,27,0.6409540772438049,0.801330029964447
533,91,28,0.6546881198883057,0.845518946647644
534,92,23,0.6563901901245117,0.6497441530227661
535,92,24,0.6732041835784912,0.6484361886978149
536,92,25,0.6669084429740906,0.7318776249885559
537,92,26,0.6725929379463196,0.7416743636131287
538,92,27,0.6535239815711975,0.818846583366394
539,92,28,0.6576926708221436,0.8437967300415039
540,93,23,0.6626361012458801,0.6497500538825989
541,93,24,0.6792944073677063,0.6477460265159607
542,93,25,0.6682701706886292,0.7343218326568604
543,93,26,0.6793646216392517,0.7365403175354004
544,93,27,0.6627474427223206,0.829561710357666
545,93,28,0.6690025925636292,0.8350602984428406
546,94,23,0.6667471528053284,0.6499651074409485
547,94,24,0.6860677003860474,0.647698163986206
548,94,25,0.6685635447502136,0.7376527190208435
549,94,26,0.6928231120109558,0.7340234518051147
550,94,27,0.6593457460403442,0.8387179374694824
551,94,28,0.6855798959732056,0.828962504863739
552,95,23,0.6747956871986389,0.6503099799156189
553,95,24,0.6888182163238525,0.6477241516113281
554,95,25,0.6804816126823425,0.7395910620689392
555,95,26,0.6879627704620361,0.7340836524963379
556,95,27,0.6654568314552307,0.8411933183670044
557,95,28,0.6975889205932617,0.8300305008888245
558,96,23,0.6792604923248291,0.6514681577682495
559,96,24,0.694362998008728,0.6479301452636719
560,96,25,0.6814858317375183,0.7435555458068848
561,96,26,0.6996195316314697,0.7341539859771729
562,96,27,0.6621953845024109,0.8439901471138
563,96,28,0.720863938331604,0.8293725848197937
564,97,23,0.6869813203811646,0.6515091061592102
565,97,24,0.6996899843215942,0.647943377494812
566,97,25,0.7095697522163391,0.7410947680473328
567,97,26,0.6915407180786133,0.7388207912445068
568,97,27,0.7348583340644836,0.836484432220459
569,97,28,0.6753670573234558,0.8376982808113098
570,98,23,0.693510115146637,0.6548296213150024
571,98,24,0.7081945538520813,0.6503027677536011
572,98,25,0.7139506936073303,0.7407231330871582
573,98,26,0.6959247589111328,0.7438153624534607
574,98,27,0.746667742729187,0.835593044757843
575,98,28,0.6675783395767212,0.8408159613609314
576,99,23,0.7018359303474426,0.6566125750541687
577,99,24,0.7144620418548584,0.6522036194801331
578,99,25,0.7269097566604614,0.7446632385253906
579,99,26,0.6989734768867493,0.7467266321182251
580,99,27,0.7524837255477905,0.8335567712783813
581,99,28,0.6666420698165894,0.8426507115364075
582,100,23,0.7096452713012695,0.6635171175003052
583,100,24,0.7227599024772644,0.6584992408752441
584,100,25,0.7350021004676819,0.7438049912452698
585,100,26,0.7066534757614136,0.7499720454216003
586,100,27,0.7563541531562805,0.8339648842811584
587,100,28,0.6669794917106628,0.8424847722053528
588,101,23,0.7183078527450562,0.6648473739624023
589,101,24,0.7285662889480591,0.6602734327316284
590,101,25,0.7447096705436707,0.7416951656341553
591,101,26,0.7174409031867981,0.7524449229240417
592,101,27,0.7588840126991272,0.8347447514533997
593,101,28,0.669439435005188,0.8376402854919434
594,102,23,0.7252318263053894,0.6636908650398254
595,102,24,0.734477162361145,0.6612645983695984
596,102,25,0.7521678805351257,0.7416262030601501
597,102,26,0.7271649241447449,0.7547674179077148
598,102,27,0.7598329782485962,0.8360393047332764
599,102,28,0.6767340898513794,0.8305702209472656
600,103,23,0.7315511107444763,0.6629576086997986
601,103,24,0.742351770401001,0.6606559157371521
602,103,25,0.7579750418663025,0.7379295825958252
603,103,26,0.7445112466812134,0.7531766891479492
604,103,27,0.7607490420341492,0.8352791666984558
605,103,28,0.6902072429656982,0.8212025761604309
606,104,23,0.7348147034645081,0.6618820428848267
607,104,24,0.749634325504303,0.6600379943847656
608,104,25,0.7597323656082153,0.7379480004310608
609,104,26,0.7533320188522339,0.7526257038116455
610,104,27,0.7625095248222351,0.8348661661148071
611,104,28,0.7028787732124329,0.8146464228630066
612,105,23,0.7402318716049194,0.6594420671463013
613,105,24,0.7537604570388794,0.6589142680168152
614,105,25,0.765649139881134,0.7379506826400757
615,105,26,0.7628078460693359,0.7491668462753296
616,105,27,0.7620665431022644,0.8350676894187927
617,105,28,0.7169952392578125,0.8134621381759644
618,106,23,0.7473351955413818,0.6562353372573853
619,106,24,0.7647392749786377,0.655332088470459
620,106,25,0.7676220536231995,0.7379620671272278
621,106,26,0.7725265026092529,0.7460552453994751
622,106,27,0.7623320817947388,0.8347879648208618
623,106,28,0.7318447828292847,0.8157806396484375
624,107,23,0.7508574724197388,0.6551506519317627
625,107,24,0.7717307209968567,0.6538935899734497
626,107,25,0.7666435241699219,0.7379539608955383
627,107,26,0.7883425354957581,0.7429581880569458
628,107,27,0.7629778385162354,0.8329543471336365
629,107,28,0.7502910494804382,0.8174962401390076
630,108,23,0.7554196119308472,0.6548085808753967
631,108,24,0.7771987318992615,0.6537423729896545
632,108,25,0.767353892326355,0.7364932298660278
633,108,26,0.7959717512130737,0.7399035692214966
634,108,27,0.7609866857528687,0.8308026790618896
635,108,28,0.7655343413352966,0.8256573677062988
636,109,23,0.7600296139717102,0.6552167534828186
637,109,24,0.7837678790092468,0.6542178392410278
638,109,25,0.7683209776878357,0.7364342212677002
639,109,26,0.8067565560340881,0.7378008961677551
640,109,27,0.7614452838897705,0.8308213949203491
641,109,28,0.7825937867164612,0.8288939595222473
642,110,23,0.7665242552757263,0.6553444862365723
643,110,24,0.7911794185638428,0.6543169021606445
644,110,25,0.7711780667304993,0.7352539896965027
645,110,26,0.8129830956459045,0.7335531115531921
646,110,27,0.7642143964767456,0.8301610946655273
647,110,28,0.8003110289573669,0.8355752229690552
648,111,23,0.771011471748352,0.6554449200630188
649,111,24,0.7949285507202148,0.654332160949707
650,111,25,0.7748162746429443,0.7352128624916077
651,111,26,0.8182403445243835,0.7335043549537659
652,111,27,0.7656680941581726,0.830793023109436
653,111,28,0.8195274472236633,0.8424060940742493
654,112,23,0.7764827013015747,0.6570294499397278
655,112,24,0.8007548451423645,0.6565600037574768
656,112,25,0.7766972184181213,0.7352532148361206
657,112,26,0.8243369460105896,0.7336627244949341
658,112,27,0.7659662365913391,0.8306487202644348
659,112,28,0.8370903134346008,0.8447827100753784
660,113,23,0.7821943759918213,0.6577253937721252
661,113,24,0.8067501187324524,0.6584482192993164
662,113,25,0.7789332866668701,0.7358665466308594
663,113,26,0.8298938274383545,0.737166166305542
664,113,27,0.7651765942573547,0.830818772315979
665,113,28,0.853000283241272,0.844610333442688
666,114,23,0.7900584936141968,0.6591857075691223
667,114,24,0.8128787279129028,0.6613706946372986
668,114,25,0.7838703989982605,0.7389882802963257
669,114,26,0.8388420939445496,0.7410755157470703
670,114,27,0.7657691240310669,0.831110954284668
671,114,28,0.8690609335899353,0.8471267819404602
672,115,23,0.7986595034599304,0.6615440249443054
673,115,24,0.8220202326774597,0.6648029088973999
674,115,25,0.7919397354125977,0.7407523393630981
675,115,26,0.8463412523269653,0.7465716600418091
676,115,27,0.7676870822906494,0.8302921652793884
677,115,28,0.8717561960220337,0.8505416512489319
678,116,23,0.8057931065559387,0.6650406718254089
679,116,24,0.8302035927772522,0.6673771142959595
680,116,25,0.7978867888450623,0.7418169975280762
681,116,26,0.8535651564598083,0.7485539317131042
682,116,27,0.7700614929199219,0.8255371451377869
683,116,28,0.8759481310844421,0.850833535194397
684,117,23,0.8147017359733582,0.6693643927574158
685,117,24,0.8387156128883362,0.6706852912902832
686,117,25,0.8060427308082581,0.7436416149139404
687,117,26,0.8621128797531128,0.7491438984870911
688,117,27,0.7744921445846558,0.8240838050842285
689,117,28,0.8792446851730347,0.8517087697982788
690,118,23,0.8213992714881897,0.6709176301956177
691,118,24,0.8462532162666321,0.6703768968582153
692,118,25,0.8164478540420532,0.7435097098350525
693,118,26,0.87015700340271,0.7496078610420227
694,118,27,0.7795830965042114,0.8171817660331726
695,118,28,0.8813365697860718,0.8527529239654541
696,119,23,0.8278061747550964,0.6696507334709167
697,119,24,0.8528043031692505,0.6693695187568665
698,119,25,0.8282272219657898,0.743218183517456
699,119,26,0.8774401545524597,0.749233067035675
700,119,27,0.7886946797370911,0.8103461265563965
701,119,28,0.8814486861228943,0.8529449105262756
702,120,23,0.8342220783233643,0.6688613295555115
703,120,24,0.8585285544395447,0.668921172618866
704,120,25,0.8387877345085144,0.7430981397628784
705,120,26,0.8792761564254761,0.7488934397697449
706,120,27,0.8000381588935852,0.8043912053108215
707,120,28,0.8821220397949219,0.8528330326080322
708,121,23,0.8408550024032593,0.6682478785514832
709,121,24,0.8639771938323975,0.6687509417533875
710,121,25,0.8483542799949646,0.74041748046875
711,121,26,0.8804258704185486,0.7486827969551086
712,121,27,0.811780571937561,0.8003883361816406
713,121,28,0.8839927911758423,0.8529490232467651
714,122,23,0.8465715646743774,0.6666617393493652
715,122,24,0.8700191974639893,0.6674611568450928
716,122,25,0.8573160171508789,0.7383660078048706
717,122,26,0.8823916912078857,0.7476935982704163
718,122,27,0.822679340839386,0.8011531829833984
719,122,28,0.8840149641036987,0.8523411154747009
720,123,23,0.8517890572547913,0.6650151014328003
721,123,24,0.874660313129425,0.6640504002571106
722,123,25,0.8650886416435242,0.7372045516967773
723,123,26,0.8850277066230774,0.7460685968399048
724,123,27,0.8325541019439697,0.8045469522476196
725,123,28,0.881956934928894,0.852228581905365
726,124,23,0.8565492033958435,0.662632405757904
727,124,24,0.8787585496902466,0.65915846824646
728,124,25,0.8699275255203247,0.7373011112213135
729,124,26,0.886344313621521,0.7460196018218994
730,124,27,0.8487186431884766,0.8107131719589233
731,124,28,0.8826412558555603,0.8522158861160278
732,125,23,0.8593024611473083,0.656735897064209
733,125,24,0.8813878297805786,0.6516542434692383
734,125,25,0.8760618567466736,0.7348337173461914
735,125,26,0.8902748823165894,0.744736909866333
736,125,27,0.8592376708984375,0.8191755414009094
737,125,28,0.8837350010871887,0.8521068096160889
738,126,23,0.8620384335517883,0.653429388999939
739,126,24,0.8849489688873291,0.6488480567932129
740,126,25,0.8798906803131104,0.732516348361969
741,126,26,0.8939884901046753,0.741429328918457
742,126,27,0.8681920170783997,0.8244242072105408
743,126,28,0.8850666284561157,0.8513478636741638
744,127,23,0.8662065267562866,0.6533043384552002
745,127,24,0.8897416591644287,0.6474571228027344
746,127,25,0.8836304545402527,0.7330055236816406
747,127,26,0.8961955904960632,0.7399435043334961
748,127,27,0.8794158697128296,0.8353152275085449
749,127,28,0.8876716494560242,0.8512373566627502
750,128,23,0.8701350688934326,0.6531153321266174
751,128,24,0.893153727054596,0.6478057503700256
752,128,25,0.8871896266937256,0.7332387566566467
753,128,26,0.8958806395530701,0.7400420904159546
754,128,27,0.8847532868385315,0.835978627204895
755,128,28,0.8882149457931519,0.8496319055557251
756,129,23,0.8752877116203308,0.653384804725647
757,129,24,0.8972752094268799,0.648827314376831
758,129,25,0.8894632458686829,0.7352670431137085
759,129,26,0.8979441523551941,0.7402142286300659
760,129,27,0.8876703977584839,0.8364774584770203
761,129,28,0.8921124339103699,0.847325325012207
762,130,23,0.8786324262619019,0.6533676981925964
763,130,24,0.8987911343574524,0.648565411567688
764,130,25,0.8946884870529175,0.7371437549591064
765,130,26,0.9002338647842407,0.7403002977371216
766,130,27,0.8928330540657043,0.8370552062988281
767,130,28,0.8913411498069763,0.8476307392120361
768,131,23,0.8801888823509216,0.6531593799591064
769,131,24,0.9001444578170776,0.6488933563232422
770,131,25,0.8996164202690125,0.7382697463035583
771,131,26,0.9004930853843689,0.741033673286438
772,131,27,0.9036032557487488,0.8359866142272949
773,131,28,0.8889358043670654,0.848240315914154
774,132,23,0.8852198123931885,0.6534219980239868
775,132,24,0.9036808013916016,0.6491666436195374
776,132,25,0.9029437303543091,0.7410566806793213
777,132,26,0.9029743075370789,0.7441033124923706
778,132,27,0.9059340953826904,0.8360512256622314
779,132,28,0.8879216313362122,0.8484604954719543
780,133,23,0.8868250250816345,0.6538346409797668
781,133,24,0.90519779920578,0.6499263048171997
782,133,25,0.9068519473075867,0.7409138083457947
783,133,26,0.9056338667869568,0.7462007403373718
784,133,27,0.9067407250404358,0.8351291418075562
785,133,28,0.8874078392982483,0.8486104607582092
786,134,23,0.8904059529304504,0.6549587249755859
787,134,24,0.907248318195343,0.6525181531906128
788,134,25,0.9100866317749023,0.7413726449012756
789,134,26,0.9091196656227112,0.748931348323822
790,134,27,0.906528115272522,0.8345217108726501
791,134,28,0.8878344297409058,0.8485085964202881
792,135,23,0.8964957594871521,0.6575570702552795
793,135,24,0.9133538007736206,0.6552280783653259
794,135,25,0.9135109782218933,0.7421256899833679
795,135,26,0.9153417348861694,0.7499051094055176
796,135,27,0.9088901877403259,0.8332228064537048
797,135,28,0.8917611837387085,0.8468958139419556
798,136,23,0.8969996571540833,0.6577476263046265
799,136,24,0.9155460596084595,0.6555202603340149
800,136,25,0.9119198322296143,0.7429946064949036
801,136,26,0.9210668206214905,0.7495927214622498
802,136,27,0.909905195236206,0.832558274269104
803,136,28,0.896286129951477,0.8440818786621094
804,137,23,0.8961859345436096,0.6577426195144653
805,137,24,0.9162982702255249,0.6554510593414307
806,137,25,0.9089211821556091,0.7433475852012634
807,137,26,0.9263431429862976,0.7479267716407776
808,137,27,0.912612795829773,0.8320097923278809
809,137,28,0.9013327956199646,0.8387932181358337
810,138,23,0.8953176140785217,0.6573889851570129
811,138,24,0.9151116013526917,0.6557519435882568
812,138,25,0.9083073735237122,0.7434267401695251
813,138,26,0.9337628483772278,0.7462077736854553
814,138,27,0.9148753881454468,0.8318479657173157
815,138,28,0.9040215611457825,0.8352568745613098
816,139,23,0.8973332643508911,0.6569080948829651
817,139,24,0.915330171585083,0.6558290123939514
818,139,25,0.9081528186798096,0.7431900501251221
819,139,26,0.9347949624061584,0.7443222403526306
820,139,27,0.9126326441764832,0.8302579522132874
821,139,28,0.9083788394927979,0.8350232839584351
822,140,23,0.8983241319656372,0.6571110486984253
823,140,24,0.919119656085968,0.6561940312385559
824,140,25,0.9079240560531616,0.7407780885696411
825,140,26,0.937336802482605,0.7439414858818054
826,140,27,0.9091269373893738,0.8289916515350342
827,140,28,0.9200683236122131,0.8360998034477234
828,141,23,0.8998921513557434,0.6588109135627747
829,141,24,0.9215631484985352,0.6576147079467773
830,141,25,0.9083223342895508,0.7425245046615601
831,141,26,0.9370907545089722,0.7441664934158325
832,141,27,0.9110963344573975,0.8342846632003784
833,141,28,0.925819456577301,0.8414997458457947
834,142,23,0.9003531336784363,0.6587873101234436
835,142,24,0.9236727952957153,0.6573525667190552
836,142,25,0.9082291126251221,0.7426975965499878
837,142,26,0.9377726316452026,0.7440071702003479
838,142,27,0.910979688167572,0.8343964219093323
839,142,28,0.9306097626686096,0.8431205749511719
840,143,23,0.9010088443756104,0.6587625741958618
841,143,24,0.9248538613319397,0.657135546207428
842,143,25,0.9091795086860657,0.7418626546859741
843,143,26,0.9388798475265503,0.7437366247177124
844,143,27,0.9116608500480652,0.8342190980911255
845,143,28,0.9346362948417664,0.8449831604957581
846,144,23,0.9023158550262451,0.6586674451828003
847,144,24,0.9258606433868408,0.6567848324775696
848,144,25,0.9105366468429565,0.7409000992774963
849,144,26,0.9388795495033264,0.7425131797790527
850,144,27,0.9124801754951477,0.8340192437171936
851,144,28,0.9387031197547913,0.8455696702003479
852,145,23,0.9036338329315186,0.6582832336425781
853,145,24,0.9267457723617554,0.6558606028556824
854,145,25,0.9112871885299683,0.7407583594322205
855,145,26,0.9390819072723389,0.7423992156982422
856,145,27,0.9132442474365234,0.833757758140564
857,145,28,0.9405097961425781,0.845632016658783
858,146,23,0.9045759439468384,0.658179521560669
859,146,24,0.9270366430282593,0.6557110548019409
860,146,25,0.9117517471313477,0.7408170700073242
861,146,26,0.9395177960395813,0.7420333027839661
862,146,27,0.9135502576828003,0.8336559534072876
863,146,28,0.9393498301506042,0.8453086614608765
864,147,23,0.9054477214813232,0.6581642627716064
865,147,24,0.9281951189041138,0.6556606292724609
866,147,25,0.9125702977180481,0.7417895197868347
867,147,26,0.939728856086731,0.7420729398727417
868,147,27,0.9139857888221741,0.8335570096969604
869,147,28,0.9401065707206726,0.844684362411499
870,148,23,0.9069978594779968,0.6579629182815552
871,148,24,0.9298726916313171,0.6556494832038879
872,148,25,0.9137146472930908,0.7417618632316589
873,148,26,0.9402971863746643,0.7421107888221741
874,148,27,0.9143220782279968,0.8331940174102783
875,148,28,0.9410550594329834,0.8446518778800964
876,149,23,0.9081477522850037,0.6573889255523682
877,149,24,0.9306358098983765,0.6547231674194336
878,149,25,0.9145187139511108,0.7416341304779053
879,149,26,0.9402759075164795,0.7422528266906738
880,149,27,0.9145699143409729,0.8331448435783386
881,149,28,0.9402036666870117,0.8446903228759766
882,150,23,0.9091855883598328,0.6572617888450623
883,150,24,0.9318302273750305,0.6548255085945129
884,150,25,0.9156564474105835,0.7416170835494995
885,150,26,0.9400987029075623,0.7436186075210571
886,150,27,0.9147999882698059,0.8331094980239868
887,150,28,0.9405262470245361,0.8464924097061157
888,151,23,0.9105356335639954,0.6574417948722839
889,151,24,0.9341891407966614,0.6549423933029175
890,151,25,0.9161874651908875,0.7418937087059021
891,151,26,0.9404357671737671,0.7445013523101807
892,151,27,0.9147053360939026,0.8329799771308899
893,151,28,0.9414865374565125,0.847533643245697
894,152,23,0.9112195372581482,0.6569542288780212
895,152,24,0.9346311688423157,0.6541523933410645
896,152,25,0.9170873165130615,0.7410587072372437
897,152,26,0.9411201477050781,0.7444903254508972
898,152,27,0.9145014882087708,0.8328573107719421
899,152,28,0.9412592053413391,0.8474845886230469
900,153,23,0.9117555022239685,0.6568517088890076
901,153,24,0.9353309273719788,0.6544367671012878
902,153,25,0.9168528318405151,0.7409166693687439
903,153,26,0.9416933059692383,0.7450085282325745
904,153,27,0.9145674109458923,0.8322716951370239
905,153,28,0.9406636357307434,0.8473755717277527
906,154,23,0.9127353429794312,0.657374918460846
907,154,24,0.9363505840301514,0.655126690864563
908,154,25,0.9171063303947449,0.74092698097229
909,154,26,0.9423488974571228,0.7457297444343567
910,154,27,0.9146159291267395,0.832287073135376
911,154,28,0.9409893155097961,0.847511351108551
912,155,23,0.9134525060653687,0.6578676104545593
913,155,24,0.9367138147354126,0.6556888222694397
914,155,25,0.9176234602928162,0.7409762740135193
915,155,26,0.942618727684021,0.7461141347885132
916,155,27,0.9148937463760376,0.8320372700691223
917,155,28,0.941267192363739,0.8476763367652893
918,156,23,0.9136598110198975,0.6579226851463318
919,156,24,0.9369018077850342,0.6556949615478516
920,156,25,0.9182115793228149,0.7404686212539673
921,156,26,0.9428310990333557,0.7463187575340271
922,156,27,0.9148802161216736,0.8317914009094238
923,156,28,0.941804051399231,0.8477526307106018
924,157,23,0.9135081171989441,0.6579093933105469
925,157,24,0.9368789792060852,0.6556167602539062
926,157,25,0.9185266494750977,0.7399851679801941
927,157,26,0.9429100155830383,0.7462939023971558
928,157,27,0.9148807525634766,0.8317904472351074
929,157,28,0.9417344331741333,0.8477278351783752
930,158,23,0.9133722186088562,0.657782256603241
931,158,24,0.9370967149734497,0.654948353767395
932,158,25,0.9188562631607056,0.7393901348114014
933,158,26,0.9432294964790344,0.7462061047554016
934,158,27,0.9149593114852905,0.831790030002594
935,158,28,0.9422095417976379,0.8475940823554993
936,159,23,0.9134470224380493,0.6577457785606384
937,159,24,0.9373119473457336,0.6549165844917297
938,159,25,0.9189305901527405,0.7392874360084534
939,159,26,0.9433411955833435,0.746175229549408
940,159,27,0.9151448607444763,0.8317999839782715
941,159,28,0.9428451657295227,0.8471902012825012
942,160,23,0.9135125279426575,0.6576533317565918
943,160,24,0.9374330043792725,0.6548473238945007
944,160,25,0.9187582731246948,0.7388173937797546
945,160,26,0.9434712529182434,0.7451822757720947
946,160,27,0.9152345061302185,0.8313726186752319
947,160,28,0.9428988099098206,0.8466774821281433
948,161,23,0.9133409261703491,0.6576641201972961
949,161,24,0.9371535181999207,0.6548581123352051
950,161,25,0.9186421632766724,0.7379961609840393
951,161,26,0.9435310363769531,0.7442270517349243
952,161,27,0.9154761433601379,0.8306647539138794
953,161,28,0.9427250027656555,0.8465263247489929
954,162,23,0.9132475256919861,0.6580684781074524
955,162,24,0.936994731426239,0.6549627184867859
956,162,25,0.9185820817947388,0.7379776835441589
957,162,26,0.9434993267059326,0.7442284226417542
958,162,27,0.9156613945960999,0.8306224942207336
959,162,28,0.9425612688064575,0.846459686756134
960,163,23,0.9131450057029724,0.658064067363739
961,163,24,0.936839759349823,0.6547802686691284
962,163,25,0.9184399247169495,0.7379199266433716
963,163,26,0.9443730711936951,0.7422193884849548
964,163,27,0.9153401255607605,0.8306229114532471
965,163,28,0.9395321607589722,0.8434170484542847
966,164,23,0.9130897521972656,0.6580330729484558
967,164,24,0.9365208745002747,0.6545325517654419
968,164,25,0.9177040457725525,0.7392849922180176
969,164,26,0.9467242956161499,0.7407457828521729
970,164,27,0.9148669838905334,0.83063143491745
971,164,28,0.9305551052093506,0.8369380235671997
972,165,23,0.9130582213401794,0.6577681303024292
973,165,24,0.936262845993042,0.6533768177032471
974,165,25,0.9164877533912659,0.7398051023483276
975,165,26,0.9498507380485535,0.7383970022201538
976,165,27,0.914033055305481,0.8289375305175781
977,165,28,0.9219725728034973,0.8163547515869141
978,166,23,0.9128362536430359,0.6572728157043457
979,166,24,0.9358657002449036,0.6531354188919067
980,166,25,0.9176940321922302,0.7441522479057312
981,166,26,0.9523946642875671,0.7364768385887146
982,166,27,0.9161609411239624,0.8320305347442627
983,166,28,0.9146499633789062,0.801176130771637
984,167,23,0.9127744436264038,0.6573832035064697
985,167,24,0.9351240396499634,0.6531554460525513
986,167,25,0.9190549850463867,0.74626225233078
987,167,26,0.9526370763778687,0.734099805355072
988,167,27,0.9167708158493042,0.8384633660316467
989,167,28,0.9116209149360657,0.7837907075881958
990,168,23,0.9127503633499146,0.6573904752731323
991,168,24,0.9347696900367737,0.6522195339202881
992,168,25,0.9216932654380798,0.7473669648170471
993,168,26,0.9520359039306641,0.7286710739135742
994,168,27,0.916671872138977,0.8392736315727234
995,168,28,0.9057037830352783,0.7634024620056152
996,169,23,0.9126023054122925,0.6572748422622681
997,169,24,0.9343198537826538,0.6512579917907715
998,169,25,0.9234642386436462,0.7468312382698059
999,169,26,0.9542605876922607,0.7273736596107483
1000,169,27,0.9166396260261536,0.8395609259605408
1001,169,28,0.9041773676872253,0.7448964715003967
1002,170,23,0.912570059299469,0.6570765376091003
1003,170,24,0.9341667294502258,0.6510494947433472
1004,170,25,0.9240251183509827,0.7455404996871948
1005,170,26,0.9547224044799805,0.7275682687759399
1006,170,27,0.9163506627082825,0.8389543294906616
1007,170,28,0.9038988351821899,0.7381356954574585
1008,171,23,0.9125671982765198,0.6570425629615784
1009,171,24,0.9341725707054138,0.6512057185173035
1010,171,25,0.9240493774414062,0.7432711124420166
1011,171,26,0.9546722173690796,0.7287325263023376
1012,171,27,0.916273295879364,0.8386380076408386
1013,171,28,0.904164731502533,0.7397409677505493
1014,172,23,0.9125471711158752,0.6579961776733398
1015,172,24,0.9341754913330078,0.6524971127510071
1016,172,25,0.9236609935760498,0.7448716163635254
1017,172,26,0.9552496075630188,0.728920578956604
1018,172,27,0.9165356159210205,0.8383631110191345
1019,172,28,0.9050371050834656,0.7520310282707214
1020,173,23,0.9131904244422913,0.6590443253517151
1021,173,24,0.9345757961273193,0.6554926633834839
1022,173,25,0.923422634601593,0.7472844123840332
1023,173,26,0.9578937888145447,0.7322853207588196
1024,173,27,0.9178095459938049,0.8386110663414001
1025,173,28,0.9077782034873962,0.7591928243637085
1026,174,23,0.9132365584373474,0.6592541933059692
1027,174,24,0.9349508285522461,0.6580063700675964
1028,174,25,0.9217140674591064,0.7500675916671753
1029,174,26,0.9614183902740479,0.7367813587188721
1030,174,27,0.9181805849075317,0.8385232090950012
1031,174,28,0.9122852087020874,0.7916171550750732
1032,175,23,0.9133146405220032,0.6593621969223022
1033,175,24,0.9354813694953918,0.6583188772201538
1034,175,25,0.9197078943252563,0.749445378780365
1035,175,26,0.9597271084785461,0.7383122444152832
1036,175,27,0.9185381531715393,0.8331853747367859
1037,175,28,0.9197597503662109,0.8164804577827454
1038,176,23,0.9133068323135376,0.6604288220405579
1039,176,24,0.9360639452934265,0.658822774887085
1040,176,25,0.9196361899375916,0.7454286217689514
1041,176,26,0.9590093493461609,0.7390426397323608
1042,176,27,0.9173198342323303,0.833016574382782
1043,176,28,0.9349817633628845,0.835828959941864
1044,177,23,0.913962185382843,0.6612772941589355
1045,177,24,0.9390612840652466,0.6594083905220032
1046,177,25,0.9191964268684387,0.7433108687400818
1047,177,26,0.9494927525520325,0.744817316532135
1048,177,27,0.9169721603393555,0.8323459029197693
1049,177,28,0.9423850774765015,0.8483635783195496
1050,178,23,0.914687991142273,0.661197304725647
1051,178,24,0.9391640424728394,0.6595199108123779
1052,178,25,0.9190300107002258,0.743261992931366
1053,178,26,0.9456866383552551,0.7467436790466309
1054,178,27,0.9168006777763367,0.8325091004371643
1055,178,28,0.9428816437721252,0.845372200012207
1056,179,23,0.9148381948471069,0.6606959700584412
1057,179,24,0.9392688274383545,0.6593586802482605
1058,179,25,0.9191398620605469,0.7415821552276611
1059,179,26,0.9435825347900391,0.7456672191619873
1060,179,27,0.916416347026825,0.8324841856956482
1061,179,28,0.9425251483917236,0.8444433212280273
1062,180,23,0.9158962965011597,0.6606791615486145
1063,180,24,0.940610945224762,0.6592239141464233
1064,180,25,0.9196691513061523,0.7415997982025146
1065,180,26,0.9420989155769348,0.7468483448028564
1066,180,27,0.9162324070930481,0.8325719237327576
1067,180,28,0.9422290921211243,0.846572756767273
1068,181,23,0.9183544516563416,0.660754382610321
1069,181,24,0.9438213109970093,0.6591200232505798
1070,181,25,0.921283483505249,0.7421747446060181
1071,181,26,0.9423971176147461,0.7477255463600159
1072,181,27,0.9160916209220886,0.8332328796386719
1073,181,28,0.942301332950592,0.8503197431564331
1074,182,23,0.9193405508995056,0.6607362627983093
1075,182,24,0.9445367455482483,0.6590964794158936
1076,182,25,0.9219055771827698,0.7425004243850708
1077,182,26,0.9424154758453369,0.7478591203689575
1078,182,27,0.9158399105072021,0.8339878916740417
1079,182,28,0.941932737827301,0.8480448722839355
1080,183,23,0.9201231598854065,0.660717785358429
1081,183,24,0.9455140233039856,0.6590222120285034
1082,183,25,0.9231994152069092,0.7426983118057251
1083,183,26,0.9430391788482666,0.7477885484695435
1084,183,27,0.9158945083618164,0.8339950442314148
1085,183,28,0.9421035051345825,0.847649097442627
1086,184,23,0.9204175472259521,0.6607009768486023
1087,184,24,0.9455215334892273,0.6587782502174377
1088,184,25,0.9242967963218689,0.742578387260437
1089,184,26,0.9433167576789856,0.747434139251709
1090,184,27,0.9159253835678101,0.8338212370872498
1091,184,28,0.9432206749916077,0.8473275899887085
1092,185,23,0.9211604595184326,0.6601600646972656
1093,185,24,0.9464130997657776,0.6581156849861145
1094,185,25,0.9252245426177979,0.7426086068153381
1095,185,26,0.9435916543006897,0.7473213076591492
1096,185,27,0.9160730838775635,0.833680272102356
1097,185,28,0.9437364935874939,0.8472310900688171
1098,186,23,0.9214687943458557,0.659201979637146
1099,186,24,0.9465963244438171,0.6567431688308716
1100,186,25,0.9254639744758606,0.7420485615730286
1101,186,26,0.943638026714325,0.7472615838050842
1102,186,27,0.9160419702529907,0.8336911201477051
1103,186,28,0.9436835646629333,0.8473060131072998
1104,187,23,0.9224598407745361,0.6589378118515015
1105,187,24,0.9475371837615967,0.6564164161682129
1106,187,25,0.9261319637298584,0.7420757412910461
1107,187,26,0.9436664581298828,0.7475615739822388
1108,187,27,0.9160345196723938,0.8337209224700928
1109,187,28,0.9435790181159973,0.8481568098068237
1110,188,23,0.9236165881156921,0.6593965291976929
1111,188,24,0.9490169286727905,0.6566206216812134
1112,188,25,0.9265430569648743,0.7420855164527893
1113,188,26,0.9444839954376221,0.7475926876068115
1114,188,27,0.9160183072090149,0.8342651128768921
1115,188,28,0.9436732530593872,0.848487913608551
1116,189,23,0.9242392778396606,0.6606095433235168
1117,189,24,0.9496614933013916,0.6571308970451355
1118,189,25,0.9272235631942749,0.7423426508903503
1119,189,26,0.9451320767402649,0.7483354806900024
1120,189,27,0.9161189794540405,0.8348164558410645
1121,189,28,0.9435360431671143,0.8491005897521973
1122,190,23,0.924788236618042,0.6612990498542786
1123,190,24,0.9502469301223755,0.6580742597579956
1124,190,25,0.9272477626800537,0.74248206615448
1125,190,26,0.9453054666519165,0.748877227306366
1126,190,27,0.9160345196723938,0.8348148465156555
1127,190,28,0.9434841871261597,0.8497820496559143
1128,191,23,0.9256165027618408,0.6619077920913696
1129,191,24,0.9511591196060181,0.6590511202812195
1130,191,25,0.9273121953010559,0.7426952123641968
1131,191,26,0.9456518292427063,0.7491719722747803
1132,191,27,0.9160328507423401,0.8349087238311768
1133,191,28,0.9433867335319519,0.8493120670318604
1134,192,23,0.9254472255706787,0.6623121500015259
1135,192,24,0.950596034526825,0.6598495841026306
1136,192,25,0.9271642565727234,0.7427037358283997
1137,192,26,0.9456810355186462,0.7497615814208984
1138,192,27,0.9160326719284058,0.8349781036376953
1139,192,28,0.9434976577758789,0.8501047492027283
1140,193,23,0.9266386032104492,0.6637086868286133
1141,193,24,0.9516338109970093,0.6617243885993958
1142,193,25,0.9273566007614136,0.7430869936943054
1143,193,26,0.9461419582366943,0.7503190040588379
1144,193,27,0.9160892963409424,0.8349906802177429
1145,193,28,0.9435717463493347,0.8499439358711243
1146,194,23,0.9268701076507568,0.6642609238624573
1147,194,24,0.9519176483154297,0.6624988913536072
1148,194,25,0.9273993372917175,0.7435405254364014
1149,194,26,0.9469529390335083,0.7514435052871704
1150,194,27,0.9162758588790894,0.834977388381958
1151,194,28,0.9435651898384094,0.8506020307540894
1152,195,23,0.9273033142089844,0.6643840074539185
1153,195,24,0.9526790976524353,0.6624640822410583
1154,195,25,0.9278304576873779,0.7436792850494385
1155,195,26,0.9482992887496948,0.7517248392105103
1156,195,27,0.9164984226226807,0.8348447680473328
1157,195,28,0.9437942504882812,0.8510575294494629
1158,196,23,0.9274136424064636,0.6642975211143494
1159,196,24,0.9527351260185242,0.6623269319534302
1160,196,25,0.927972137928009,0.7433149814605713
1161,196,26,0.9490552544593811,0.7516037225723267
1162,196,27,0.9167957305908203,0.8338722586631775
1163,196,28,0.943874180316925,0.8518250584602356
1164,197,23,0.9276586771011353,0.6642460227012634
1165,197,24,0.9532026052474976,0.6622821092605591
1166,197,25,0.9285191297531128,0.7428289651870728
1167,197,26,0.9497852325439453,0.7515158653259277
1168,197,27,0.9170395135879517,0.8330591917037964
1169,197,28,0.944061815738678,0.851572573184967
1170,198,23,0.9276430010795593,0.6643314957618713
1171,198,24,0.9530297517776489,0.6625131964683533
1172,198,25,0.9285208582878113,0.7436794638633728
1173,198,26,0.9497459530830383,0.7521018981933594
1174,198,27,0.9173218607902527,0.8330801725387573
1175,198,28,0.9443553686141968,0.8520874977111816
1176,199,23,0.9275018572807312,0.6642055511474609
1177,199,24,0.9528506994247437,0.6624952554702759
1178,199,25,0.9284595251083374,0.7433764934539795
1179,199,26,0.9496735334396362,0.752012312412262
1180,199,27,0.9174567461013794,0.8325774073600769
1181,199,28,0.9446107745170593,0.8522882461547852
